id,url
41570,/for-sale/shakas-rock/ballito/kwazulu-natal/7654/109456070
27307,/for-sale/langeberg-heights/kraaifontein/western-cape/11707/110148871
59081,/for-sale/bayswater/bloemfontein/free-state/9640/109219653
21462,/for-sale/cape-town-city-centre/cape-town/western-cape/9138/109979546
173216,/for-sale/ravenswood/boksburg/gauteng/1964/109723165
167091,/for-sale/mooikloof/pretoria/gauteng/10/110157837
63293,/for-sale/middelburg-central/middelburg/mpumalanga/2605/109786300
172850,/for-sale/fourways/sandton/gauteng/5811/109111844
93832,/for-sale/bendor/polokwane/limpopo/11332/110093407
5842,/for-sale/forest-glade/eersterivier/western-cape/11744/110154607
1442,/for-sale/paarl-south/paarl/western-cape/8623/110258250
174378,/for-sale/liefde-en-vrede/johannesburg/gauteng/3866/109793562
53015,/for-sale/eureka/bethlehem/free-state/9950/110252332
101640,/for-sale/alberton-north/alberton/gauteng/1869/110103326
95666,/for-sale/roodepan/kimberley/northern-cape/11092/109594203
67422,/for-sale/ben-fleur/witbank/mpumalanga/2463/108518794
95071,/for-sale/south-ridge/kimberley/northern-cape/11083/109994327
58351,/for-sale/sasolburg-central/sasolburg/free-state/25189/110085848
106971,/for-sale/ga-rankuwa-unit-8/ga-rankuwa/gauteng/16917/110070562
154245,/for-sale/sandton-central/sandton/gauteng/16732/110058156
18170,/for-sale/sandbaai/hermanus/western-cape/7845/110105537
131341,/for-sale/morningside/sandton/gauteng/4258/107898873
171217,/for-sale/lonehill/sandton/gauteng/5247/108279883
50529,/for-sale/hillcrest-central/hillcrest/kwazulu-natal/17985/109695154
53413,/for-sale/wilgehof/bloemfontein/free-state/9708/110139066
172426,/for-sale/dawn-park/boksburg/gauteng/1926/109975074
48352,/for-sale/emberton-estate/kloof/kwazulu-natal/7037/109772648
139495,/for-sale/olifantsvlei/johannesburg/gauteng/3870/110247868
108817,/for-sale/soshanguve-uu/soshanguve/gauteng/17882/109959785
99984,/for-sale/jabulani/soweto/gauteng/3561/110208431
59279,/for-sale/wild-olive-estate/bloemfontein/free-state/15178/108629610
968,/for-sale/hout-bay-central/hout-bay/western-cape/16694/110245536
4985,/for-sale/edgemead/goodwood/western-cape/8097/110059819
12286,/for-sale/voelklip/hermanus/western-cape/7857/109175242
42033,/for-sale/st-michaels-on-sea/margate/kwazulu-natal/6358/108717860
10449,/for-sale/zeekoevlei/cape-town/western-cape/9047/109769855
107814,/for-sale/zwartkop-golf-estate/centurion/gauteng/10828/110036171
89433,/for-sale/waterkloof-ah/rustenburg/north-west/3205/108428540
147978,/for-sale/braamfontein/johannesburg/gauteng/3857/110097429
123727,/for-sale/bram-fischerville/soweto/gauteng/13011/110218167
7229,/for-sale/newlands/cape-town/western-cape/8679/110058957
165120,/for-sale/die-hoewes/centurion/gauteng/433/110176524
169493,/for-sale/lynnwood/pretoria/gauteng/242/110035540
121005,/for-sale/soshanguve-uu/soshanguve/gauteng/17882/109975033
155078,/for-sale/three-rivers-proper/vereeniging/gauteng/3758/109960173
140121,/for-sale/arcadia/pretoria/gauteng/301/110203193
172639,/for-sale/douglasdale/sandton/gauteng/3903/109762880
111478,/for-sale/eldo-park/centurion/gauteng/602/110020876
37088,/for-sale/manaba-beach/margate/kwazulu-natal/6361/108065125
119692,/for-sale/pierre-van-ryneveld/centurion/gauteng/10482/109944795
89649,/for-sale/rustenburg-central/rustenburg/north-west/25461/108952168
138257,/for-sale/glen-marais/kempton-park/gauteng/1260/110206970
106890,/for-sale/the-reeds/centurion/gauteng/516/110214806
153644,/for-sale/north-riding/randburg/gauteng/4455/108620269
167743,/for-sale/lakefield/benoni/gauteng/2220/110049501
51140,/for-sale/mount-edgecombe-country-club-estate/mount-edgecombe/kwazulu-natal/11536/109890148
44671,/for-sale/port-edward/port-edward/kwazulu-natal/6373/103868863
166870,/for-sale/verwoerdpark/alberton/gauteng/1899/110110747
112845,/for-sale/kelland/randburg/gauteng/4438/109602636
176914,/for-sale/florauna/pretoria/gauteng/4052/108794493
84913,/for-sale/die-bult/potchefstroom/north-west/5049/109394131
43280,/for-sale/uvongo/margate/kwazulu-natal/6359/108492708
34158,/for-sale/st-michaels-on-sea/margate/kwazulu-natal/6358/107240720
2567,/for-sale/wynberg-upper/cape-town/western-cape/10102/110205712
143901,/for-sale/greenstone-hill/edenvale/gauteng/11700/110187690
99130,/for-sale/savannah-country-estate/pretoria/gauteng/11518/110228973
104137,/for-sale/soshanguve-east-ext-4/soshanguve/gauteng/17907/110002608
73346,/for-sale/eden-glen/jeffreys-bay/eastern-cape/10845/109115798
55068,/for-sale/parys/parys/free-state/9921/109927243
151568,/for-sale/fleurhof/roodepoort/gauteng/1645/109939629
169011,/for-sale/amberfield/centurion/gauteng/579/110069903
69223,/for-sale/scheepershoogte/uitenhage/eastern-cape/7246/110257410
21628,/for-sale/llandudno/cape-town/western-cape/9118/108712618
75482,/for-sale/west-bank/port-alfred/eastern-cape/8393/110039123
140255,/for-sale/pretoria-west/pretoria/gauteng/2924/110176610
90041,/for-sale/koro-creek-golf-estate/modimolle/limpopo/16026/110112305
62371,/for-sale/marloth-park/marloth-park/mpumalanga/2855/110099862
142105,/for-sale/katlehong-south/katlehong/gauteng/10327/110208821
62260,/for-sale/modder-east-orchards-ah/delmas/mpumalanga/15620/108446808
12264,/for-sale/welgemoed/bellville/western-cape/9487/109237139
46527,/for-sale/beacon-rocks/margate/kwazulu-natal/18119/109353425
27056,/for-sale/firlands/gordons-bay/western-cape/7834/109727471
177073,/for-sale/ormonde/johannesburg/gauteng/5335/110148060
62566,/for-sale/kriel/kriel/mpumalanga/4746/109644513
34001,/for-sale/shelly-beach/margate/kwazulu-natal/6357/107190405
94388,/for-sale/polokwane-central/polokwane/limpopo/25649/108323129
108864,/for-sale/lynnwood/pretoria/gauteng/242/110082461
5020,/for-sale/beacon-valley/mitchells-plain/western-cape/8824/110156651
2945,/for-sale/observatory/cape-town/western-cape/10157/110156436
167740,/for-sale/lakefield/benoni/gauteng/2220/109957210
148446,/for-sale/willow-park-manor/pretoria/gauteng/132/109787906
137744,/for-sale/powerville/vereeniging/gauteng/3740/109291325
170622,/for-sale/rand-collieries/brakpan/gauteng/2252/110019125
69726,/for-sale/zwide/port-elizabeth/eastern-cape/6979/110232413
125167,/for-sale/farmall-ah/randburg/gauteng/4429/109699960
105239,/for-sale/kensington-b/randburg/gauteng/4440/109912022
145506,/for-sale/eveleigh/boksburg/gauteng/1934/110027493
36475,/for-sale/pietermaritzburg-central/pietermaritzburg/kwazulu-natal/5489/107349493
168493,/for-sale/terenure/kempton-park/gauteng/1367/109821620
38058,/for-sale/scottburgh-central/scottburgh/kwazulu-natal/6304/110258896
102841,/for-sale/buccleuch/sandton/gauteng/5255/110089855
62544,/for-sale/secunda/secunda/mpumalanga/4787/110202973
69078,/for-sale/tasbet-park-ext-1/witbank/mpumalanga/2595/106370125
174193,/for-sale/ravenswood/boksburg/gauteng/1964/109557215
137146,/for-sale/chantelle/akasia/gauteng/4002/108416492
131024,/for-sale/the-hills-game-reserve-estate/pretoria/gauteng/11712/109353658
56845,/for-sale/koppies/koppies/free-state/9900/108331873
93489,/for-sale/bendor/polokwane/limpopo/11332/109606370
86614,/for-sale/rustenburg-central/rustenburg/north-west/25461/104271751
171558,/for-sale/windsor-east/randburg/gauteng/4522/110023258
58411,/for-sale/vaalpark/sasolburg/free-state/9917/108943362
148820,/for-sale/houghton-estate/johannesburg/gauteng/5926/109858640
46987,/for-sale/umhlanga-rocks/umhlanga/kwazulu-natal/6381/108936278
104237,/for-sale/terenure/kempton-park/gauteng/1367/110163177
171868,/for-sale/chantelle/akasia/gauteng/4002/109971217
28426,/for-sale/cola-beach/sedgefield/western-cape/7516/108915290
56429,/for-sale/parys/parys/free-state/9921/109639101
176075,/for-sale/kosmosdal/centurion/gauteng/10811/109790270
90018,/for-sale/cycad-estate/polokwane/limpopo/32764/110252123?plId=834664&plt=4
148457,/for-sale/saxonwold/johannesburg/gauteng/5848/109977272
61103,/for-sale/duvha-park/witbank/mpumalanga/2507/110016236
123214,/for-sale/riversdale/meyerton/gauteng/3813/109936321
23980,/for-sale/kraaifontein-east/kraaifontein/western-cape/25760/110109334
64802,/for-sale/lydenburg/lydenburg/mpumalanga/2655/106255214
68378,/for-sale/secunda/secunda/mpumalanga/4787/109624277
27741,/for-sale/wynberg/cape-town/western-cape/10109/110216798
12643,/for-sale/croydon-vineyard-estate/somerset-west/western-cape/14728/109401419
105454,/for-sale/savanna-city/walkerville/gauteng/16142/110167269
100845,/for-sale/helderkruin/roodepoort/gauteng/695/110246263
109368,/for-sale/soshanguve-uu/soshanguve/gauteng/17882/109938667
99005,/for-sale/stone-river-estate/sandton/gauteng/16025/109951505
95154,/for-sale/die-rand/upington/northern-cape/10986/103355360
99687,/for-sale/blue-valley-golf-estate/centurion/gauteng/584/110250334
62583,/for-sale/secunda/secunda/mpumalanga/4787/109745996
32883,/for-sale/umtentweni/port-shepstone/kwazulu-natal/6330/109899312
16910,/for-sale/pinelands/cape-town/western-cape/8017/110179829
85406,/for-sale/die-bult/potchefstroom/north-west/5049/107498979
106749,/for-sale/the-orchards/akasia/gauteng/3031/110206469
156348,/for-sale/heatherview/akasia/gauteng/11007/109652058
96364,/for-sale/dainfern-valley-estate/sandton/gauteng/10867/110255208
124256,/for-sale/van-der-merwes-kroon/vereeniging/gauteng/3763/109890186
73374,/for-sale/chelsea/port-elizabeth/eastern-cape/6854/104817197
74386,/for-sale/port-elizabeth-central/port-elizabeth/eastern-cape/6980/110147286
82453,/for-sale/geelhoutpark/rustenburg/north-west/3149/101680404
117767,/for-sale/sunair-park/brakpan/gauteng/1081/109968438
59405,/for-sale/parys/parys/free-state/9921/110122855
90139,/for-sale/celtic-lodge-eco-estate/polokwane/limpopo/25732/110212388
6180,/for-sale/silvertree-estate/cape-town/western-cape/15132/103955345
113612,/for-sale/lindo-park/pretoria/gauteng/3021/110047462
88929,/for-sale/potchefstroom-central/potchefstroom/north-west/5025/110206238
81712,/for-sale/mooibank-ah/potchefstroom/north-west/5011/108603372
2066,/for-sale/val-de-vie-estate/paarl/western-cape/11726/110206105
152358,/for-sale/robindale/randburg/gauteng/4398/109665524
35549,/for-sale/st-michaels-on-sea/margate/kwazulu-natal/6358/109232016
82413,/for-sale/buffelspoort-eco-estate/rustenburg/north-west/11727/105588344
80765,/for-sale/lourenspark/orkney/north-west/6512/109710116
155384,/for-sale/rynfield/benoni/gauteng/2169/109387507
62983,/for-sale/die-heuwel/witbank/mpumalanga/2498/109030906
93428,/for-sale/welgelegen/polokwane/limpopo/11387/110158129
69547,/for-sale/highgate/east-london/eastern-cape/6655/110185661
124290,/for-sale/pretoria-west/pretoria/gauteng/2924/109485720
36792,/for-sale/south-beach/durban/kwazulu-natal/6027/110126460
41390,/for-sale/amanzimtoti/amanzimtoti/kwazulu-natal/6275/109827040
171529,/for-sale/rynfield/benoni/gauteng/2169/109898311
149719,/for-sale/clubview/centurion/gauteng/440/109949285
129615,/for-sale/lufhereng/soweto/gauteng/16542/110169578
71634,/for-sale/c-place/jeffreys-bay/eastern-cape/7322/109917499
119410,/for-sale/carletonville-central/carletonville/gauteng/16723/109931149
40319,/for-sale/umhlanga-rocks/umhlanga/kwazulu-natal/6381/110054984
49378,/for-sale/birdswood/richards-bay/kwazulu-natal/7169/110207998
16678,/for-sale/sea-point/cape-town/western-cape/11021/110030500
158755,/for-sale/morningside/sandton/gauteng/4258/109126968
137623,/for-sale/roodepark-eco-estate/pretoria/gauteng/32891/110206635
164749,/for-sale/montana/pretoria/gauteng/3984/110192797
144836,/for-sale/sandown/sandton/gauteng/5178/110104019
110209,/for-sale/bedfordview/bedfordview/gauteng/11758/109883976
96849,/for-sale/alphen-park/pretoria/gauteng/612/110227287
127600,/for-sale/bram-fischerville/soweto/gauteng/13011/109840492
1471,/for-sale/parklands/blouberg/western-cape/11588/110127323
52154,/for-sale/kindlewood-estate/mount-edgecombe/kwazulu-natal/18161/109097464
114690,/for-sale/protea-glen/soweto/gauteng/4681/110061500
28220,/for-sale/clara-anna-fontein/durbanville/western-cape/16411/110048078
48604,/for-sale/south-beach/durban/kwazulu-natal/6027/109184617
60767,/for-sale/ben-fleur/witbank/mpumalanga/2463/110070589
81797,/for-sale/koster/koster/north-west/3241/103537377
147407,/for-sale/bryanston/sandton/gauteng/5176/110011585
122989,/for-sale/sydenham/johannesburg/gauteng/4378/109539656
73503,/for-sale/katberg/seymour/eastern-cape/12807/108489824
66531,/for-sale/white-river-ext-3/white-river/mpumalanga/2798/109863206
105428,/for-sale/petersfield/springs/gauteng/1138/110254166
28994,/for-sale/zimbali-coastal-resort-and-estate/ballito/kwazulu-natal/12884/110081002
116282,/for-sale/rynfield-ah/benoni/gauteng/32905/109884581
146755,/for-sale/north-riding/randburg/gauteng/4455/110034752
17900,/for-sale/stellenbosch-central/stellenbosch/western-cape/8566/110132416
3676,/for-sale/kwaaiwater/hermanus/western-cape/7850/109877994
53636,/for-sale/bloemside-2/bloemfontein/free-state/26011/110027481
17952,/for-sale/durbanville-central/durbanville/western-cape/9520/110197298
42053,/for-sale/windermere/durban/kwazulu-natal/6033/109911725
138061,/for-sale/erasmus/bronkhorstspruit/gauteng/2401/109134645
104287,/for-sale/orange-grove/johannesburg/gauteng/4365/110188865
113290,/for-sale/lanseria/randburg/gauteng/1020/109865688
79719,/for-sale/waterval-east/rustenburg/north-west/10619/106799351
158980,/for-sale/glen-austin/midrand/gauteng/1526/108929626
61666,/for-sale/die-heuwel-ext-1/witbank/mpumalanga/2499/110034077
17819,/for-sale/durbanville-central/durbanville/western-cape/9520/110092059
174452,/for-sale/six-fountains-residential-estate/pretoria/gauteng/12657/109245997
7344,/for-sale/table-view/blouberg/western-cape/11589/110072579
140058,/for-sale/morningside/sandton/gauteng/4258/110245883
44545,/for-sale/meer-en-see/richards-bay/kwazulu-natal/7177/109771975
31661,/for-sale/umhlathuze/empangeni/kwazulu-natal/32358/110123811
99244,/for-sale/olympus-ah/pretoria/gauteng/12201/110237456
77471,/for-sale/swartruggens/swartruggens/north-west/5369/110064801
36655,/for-sale/athlone-park/amanzimtoti/kwazulu-natal/6276/108874632
173530,/for-sale/beyers-park/boksburg/gauteng/1915/109561014
2592,/for-sale/franschhoek/franschhoek/western-cape/8653/110236140
67775,/for-sale/die-heuwel-ext-2/witbank/mpumalanga/2500/110241123
39350,/for-sale/ballito-central/ballito/kwazulu-natal/17817/110151088
81818,/for-sale/oos-einde/rustenburg/north-west/3167/104276209
19811,/for-sale/oakdene/kuils-river/western-cape/8479/110114856
324,/for-sale/pinehurst/durbanville/western-cape/9572/110193930
72004,/for-sale/mdantsane/east-london/eastern-cape/6607/109881327
106729,/for-sale/payneville/springs/gauteng/1190/110240972
147178,/for-sale/montana/pretoria/gauteng/3984/110129195
149201,/for-sale/hyde-park/sandton/gauteng/5832/110157862
118197,/for-sale/greymont/johannesburg/gauteng/4546/109946622
38348,/for-sale/umhlanga-ridge/umhlanga/kwazulu-natal/6383/110153973
85742,/for-sale/die-bult/potchefstroom/north-west/5049/108028890
32957,/for-sale/ramsgate/margate/kwazulu-natal/6371/109871152
132247,/for-sale/soshanguve-gg/soshanguve/gauteng/17868/109676408
118543,/for-sale/sandhurst/sandton/gauteng/5847/109769083
165742,/for-sale/mooikloof-ridge/pretoria/gauteng/10834/110235069
35187,/for-sale/leisure-bay/port-edward/kwazulu-natal/6363/109420493
16293,/for-sale/sea-point/cape-town/western-cape/11021/110228419
14770,/for-sale/langebaan-country-estate/langebaan/western-cape/10483/106856945
161362,/for-sale/greenstone-hill/edenvale/gauteng/11700/106962919
72560,/for-sale/komga/komga/eastern-cape/7745/109574526
94140,/for-sale/mokopane-central/mokopane/limpopo/25621/109976304
80857,/for-sale/melodie/hartbeespoort/north-west/3058/108342825
142180,/for-sale/stone-ridge/centurion/gauteng/10761/110181310
118645,/for-sale/bedfordview/bedfordview/gauteng/11758/109640372
21114,/for-sale/oakglen/bellville/western-cape/9470/109721682
42372,/for-sale/zululami-luxury-coastal-estate/ballito/kwazulu-natal/32686/109803767
40142,/for-sale/isipingo-beach/isipingo/kwazulu-natal/6262/110100694
153994,/for-sale/klippoortjie/boksburg/gauteng/1953/110111137
126061,/for-sale/monavoni/centurion/gauteng/382/109763409
84066,/for-sale/melodie/hartbeespoort/north-west/3058/109537705
165750,/for-sale/sandown/sandton/gauteng/5178/110122804
104240,/for-sale/bassonia/johannesburg/gauteng/5246/110144904
40574,/for-sale/umhlanga-ridge/umhlanga/kwazulu-natal/6383/110154903
16576,/for-sale/sandbaai/hermanus/western-cape/7845/110201579
32005,/for-sale/ramsgate/margate/kwazulu-natal/6371/109838775
37018,/for-sale/birdswood/richards-bay/kwazulu-natal/7169/108319551
78497,/for-sale/meerhof/hartbeespoort/north-west/3057/109694547
53290,/for-sale/deneysville/deneysville/free-state/9906/110252181
95668,/for-sale/kuruman/kuruman/northern-cape/9319/107674978
80288,/for-sale/mooinooi/mooinooi/north-west/11684/107436537
6858,/for-sale/sagewood/blouberg/western-cape/16767/109749837
1693,/for-sale/heldervue/somerset-west/western-cape/8966/107657143
17129,/for-sale/green-point/cape-town/western-cape/11017/110150521
172230,/for-sale/culemborg-park/randfontein/gauteng/4558/107765372
18114,/for-sale/zonnebloem/cape-town/western-cape/10166/109933037
43382,/for-sale/margate/margate/kwazulu-natal/6360/110220015
31860,/for-sale/park-hill/durban-north/kwazulu-natal/6134/109790385
27113,/for-sale/heathfield/cape-town/western-cape/10207/110251519
87110,/for-sale/rustenburg-central/rustenburg/north-west/25461/108488869
175486,/for-sale/annlin/pretoria/gauteng/4022/109148532
6282,/for-sale/fresnaye/cape-town/western-cape/11016/109984724
152573,/for-sale/east-lynne/pretoria/gauteng/2997/110058166
32120,/for-sale/dundee/dundee/kwazulu-natal/5435/110118555
114856,/for-sale/edenvale-central/edenvale/gauteng/1245/109954925
141816,/for-sale/lonehill/sandton/gauteng/5247/110100975
65795,/for-sale/kwaguqa-ext-1/witbank/mpumalanga/28147/106994951
8918,/for-sale/wilderness-central/wilderness/western-cape/17495/109886384
38688,/for-sale/uvongo-beach/margate/kwazulu-natal/33106/110107487
83270,/for-sale/kannoniers-park/potchefstroom/north-west/5061/110210642
5145,/for-sale/onrus/hermanus/western-cape/10648/109847298
135096,/for-sale/ashlea-gardens/pretoria/gauteng/235/109556528
103702,/for-sale/henley-on-klip/meyerton/gauteng/3802/110168233
15650,/for-sale/century-city/milnerton/western-cape/8027/110196047
73769,/for-sale/haven-hills/east-london/eastern-cape/6654/109076407
128543,/for-sale/derdepoort/pretoria/gauteng/29/108974460
95408,/for-sale/kuruman/kuruman/northern-cape/9319/107385708
67284,/for-sale/white-river-central/white-river/mpumalanga/2783/104229317
25898,/for-sale/milnerton-central/milnerton/western-cape/17452/108223640
10087,/for-sale/welgevonden-estate/stellenbosch/western-cape/12655/109444073
69638,/for-sale/summerstrand/port-elizabeth/eastern-cape/6958/110074532
123317,/for-sale/westonaria/westonaria/gauteng/16738/109609351
142574,/for-sale/weavind-park/pretoria/gauteng/2990/110087991
164939,/for-sale/albemarle/germiston/gauteng/1667/110212025
59909,/for-sale/meyerville/standerton/mpumalanga/4904/110241539
95005,/for-sale/die-rand/upington/northern-cape/10986/110067712
96990,/for-sale/mnandi/centurion/gauteng/381/110217676
64964,/for-sale/klarinet/witbank/mpumalanga/2520/109487575
2455,/for-sale/viking-village/kraaifontein/western-cape/15611/110167943
46914,/for-sale/athlone-park/amanzimtoti/kwazulu-natal/6276/109892874
81316,/for-sale/safari-gardens/rustenburg/north-west/3188/108424868
48594,/for-sale/south-beach/durban/kwazulu-natal/6027/107655843
133699,/for-sale/blue-hills/midrand/gauteng/1515/109188316
13918,/for-sale/philadelphia/cape-town/western-cape/9168/109539655
152976,/for-sale/vereeniging-central/vereeniging/gauteng/16735/109699759
126126,/for-sale/soshanguve-east/soshanguve/gauteng/405/109872517
32696,/for-sale/vryheid/vryheid/kwazulu-natal/5459/109904959
160791,/for-sale/rivonia/sandton/gauteng/4251/107141294
147520,/for-sale/sandton-central/sandton/gauteng/16732/109835858
74120,/for-sale/port-elizabeth-central/port-elizabeth/eastern-cape/6980/110184566
75881,/for-sale/young-park/port-elizabeth/eastern-cape/6977/109915635
18025,/for-sale/richwood/milnerton/western-cape/8072/110090150
129705,/for-sale/six-fountains-residential-estate/pretoria/gauteng/12657/108946337
168922,/for-sale/buccleuch/sandton/gauteng/5255/110022627
15498,/for-sale/knysna-central/knysna/western-cape/7469/110169027
120574,/for-sale/sandringham/johannesburg/gauteng/4374/109849803
15093,/for-sale/century-city/milnerton/western-cape/8027/110209755
174496,/for-sale/ravenswood/boksburg/gauteng/1964/109517340
6273,/for-sale/portlands/mitchells-plain/western-cape/8836/110002673
72125,/for-sale/southernwood/mthatha/eastern-cape/12983/109905759
64704,/for-sale/bethal/bethal/mpumalanga/4813/109987934
39276,/for-sale/sibaya-precinct/umhlanga/kwazulu-natal/16048/110093583
156993,/for-sale/zwartkop/centurion/gauteng/533/109712339
22642,/for-sale/gardens/cape-town/western-cape/9145/109792650
65276,/for-sale/witbank-central/witbank/mpumalanga/2460/102249228
79357,/for-sale/bloemhof/bloemhof/north-west/6536/109136286
121766,/for-sale/auckland-park/johannesburg/gauteng/4130/109274870
84275,/for-sale/die-bult/potchefstroom/north-west/5049/109680902
99980,/for-sale/witpoortjie/roodepoort/gauteng/813/110252577
150434,/for-sale/sagewood/midrand/gauteng/11595/110014908
5869,/for-sale/bothasig/milnerton/western-cape/8119/110088028
133023,/for-sale/the-hills-game-reserve-estate/pretoria/gauteng/11712/108858765
16299,/for-sale/plettenberg-bay-central/plettenberg-bay/western-cape/7529/110207323
89439,/for-sale/flamwood/klerksdorp/north-west/5152/110162349
29446,/for-sale/clare-hills/durban/kwazulu-natal/6186/110214403
105591,/for-sale/midlands-estate/centurion/gauteng/10943/110074822
102204,/for-sale/randpark-ridge/randburg/gauteng/4471/109961333
106488,/for-sale/soshanguve-uu/soshanguve/gauteng/17882/110205861
126015,/for-sale/risiville/vereeniging/gauteng/3682/110201938
145836,/for-sale/morningside/sandton/gauteng/4258/109877729
3878,/for-sale/boston/bellville/western-cape/9419/110255093
52179,/for-sale/shelly-beach/margate/kwazulu-natal/6357/108618535
175675,/for-sale/wychwood/germiston/gauteng/2887/109676582
55225,/for-sale/winburg/winburg/free-state/9752/109715519
50533,/for-sale/kloof/kloof/kwazulu-natal/5754/109772277
120305,/for-sale/equestria/pretoria/gauteng/266/108860197
153042,/for-sale/ravenswood/boksburg/gauteng/1964/110175279
120295,/for-sale/woodhill/pretoria/gauteng/229/107619480
124939,/for-sale/parkhurst/johannesburg/gauteng/12133/109684330
11569,/for-sale/louis-rood/strandfontein/western-cape/9188/109928744
47246,/for-sale/point-waterfront/durban/kwazulu-natal/6024/103992002
171774,/for-sale/norkem-park/kempton-park/gauteng/1344/110151358
54586,/for-sale/sasolburg-ext-11/sasolburg/free-state/25724/109830216
168469,/for-sale/vorna-valley/midrand/gauteng/1539/109990840
94496,/for-sale/louis-trichardt/louis-trichardt/limpopo/11245/109744114
34396,/for-sale/trafalgar/trafalgar/kwazulu-natal/6366/109973798
122030,/for-sale/ekangala/bronkhorstspruit/gauteng/12176/109975921
112469,/for-sale/tembisa-central/tembisa/gauteng/16734/110099596
103381,/for-sale/kempton-park-ext-2/kempton-park/gauteng/32936/110238632
58130,/for-sale/heuwelsig/bloemfontein/free-state/9670/110043006
82257,/for-sale/orkney-park/orkney/north-west/6520/108907753
125571,/for-sale/rietvlei-ridge-country-estate/pretoria/gauteng/10948/108327972
134952,/for-sale/meadowlands-east/soweto/gauteng/17237/109185304
117768,/for-sale/lenasia/johannesburg/gauteng/4699/109604179
38574,/for-sale/durban-central/durban/kwazulu-natal/5992/110245190
150377,/for-sale/heuweloord/centurion/gauteng/377/109804187
26582,/for-sale/durbanville-central/durbanville/western-cape/9520/108613307
163805,/for-sale/pretoria-north/pretoria/gauteng/4076/107158523
19311,/for-sale/tamboerskloof/cape-town/western-cape/9163/109888764
15305,/for-sale/cape-town-city-centre/cape-town/western-cape/9138/110210116
36556,/for-sale/winterton/winterton/kwazulu-natal/5654/109425752
53585,/for-sale/hennenman/hennenman/free-state/9770/110127833
139569,/for-sale/morningside/sandton/gauteng/4258/110153586
138674,/for-sale/brentwood-park/benoni/gauteng/2170/109488056
23,/for-sale/gondwana-game-reserve/mossel-bay/western-cape/14745/110161270?plId=831788&plt=2
19696,/for-sale/cape-town-city-centre/cape-town/western-cape/9138/109781297
104623,/for-sale/soshanguve-uu/soshanguve/gauteng/17882/110061151
158960,/for-sale/ravenswood/boksburg/gauteng/1964/109525082
74708,/for-sale/kidds-beach/east-london/eastern-cape/6674/110020625
46828,/for-sale/umhlanga-ridge/umhlanga/kwazulu-natal/6383/108902840
125943,/for-sale/moreleta-park/pretoria/gauteng/10622/108807177
48287,/for-sale/avoca/durban/kwazulu-natal/6063/110011396
123277,/for-sale/beaulieu/midrand/gauteng/1509/109693436
36804,/for-sale/springfield/durban/kwazulu-natal/6196/109811044
112682,/for-sale/parktown-north/johannesburg/gauteng/4391/109785085
169255,/for-sale/malanshof/randburg/gauteng/4443/109834849
25971,/for-sale/cape-town-city-centre/cape-town/western-cape/9138/108603482
130164,/for-sale/dalpark/brakpan/gauteng/2226/109267270
57148,/for-sale/bloemfontein-central/bloemfontein/free-state/18347/110237248
24224,/for-sale/kenilworth/cape-town/western-cape/8669/109352519
55137,/for-sale/mandela-view/bloemfontein/free-state/11564/109768014
121456,/for-sale/mamelodi-east/pretoria/gauteng/362/110030489
141692,/for-sale/bryanston/sandton/gauteng/5176/110142206
99783,/for-sale/daggafontein/springs/gauteng/1110/110158300
157718,/for-sale/pretoria-west/pretoria/gauteng/2924/109386161
163984,/for-sale/sunnyside/pretoria/gauteng/41/108979164
113918,/for-sale/atholl/sandton/gauteng/5813/110032576
82166,/for-sale/boschdal/rustenburg/north-west/3213/104608783
41414,/for-sale/windermere/durban/kwazulu-natal/6033/109970482
11334,/for-sale/philippi/cape-town/western-cape/8818/109997737
103208,/for-sale/protea-glen/soweto/gauteng/4681/110209402
14832,/for-sale/kleinkrantz/wilderness/western-cape/7461/109183631
81483,/for-sale/karlienpark/rustenburg/north-west/3157/107147294
47526,/for-sale/new-town-centre/umhlanga/kwazulu-natal/12141/107625474
99297,/for-sale/valhalla/centurion/gauteng/2995/110245098
69476,/for-sale/summerstrand/port-elizabeth/eastern-cape/6958/110242975
11567,/for-sale/somerset-lakes/somerset-west/western-cape/15987/110216798
166221,/for-sale/montana/pretoria/gauteng/3984/110091676
36891,/for-sale/dannhauser/dannhauser/kwazulu-natal/15683/109169401
84138,/for-sale/die-bult/potchefstroom/north-west/5049/109278339
71389,/for-sale/cradock-heights/grahamstown/eastern-cape/10367/109422269
76558,/for-sale/rustenburg-central/rustenburg/north-west/25461/110150034
32670,/for-sale/hibberdene/hibberdene/kwazulu-natal/6324/109573073
13595,/for-sale/lemoenkloof/paarl/western-cape/8607/106513583
19801,/for-sale/norwood/goodwood/western-cape/8148/110194805
154050,/for-sale/waterfall/midrand/gauteng/1535/109887617
16413,/for-sale/table-view/blouberg/western-cape/11589/110195003
162708,/for-sale/turffontein/johannesburg/gauteng/4337/109596390
75243,/for-sale/forest-downs/port-alfred/eastern-cape/8378/107372685
443,/for-sale/burgundy/brackenfell/western-cape/16669/110236934
115658,/for-sale/goudrand/roodepoort/gauteng/11632/109957057
48736,/for-sale/scottburgh-central/scottburgh/kwazulu-natal/6304/110031985
116231,/for-sale/germiston-north/germiston/gauteng/1695/109903380
153745,/for-sale/vorna-valley/midrand/gauteng/1539/109940730
146460,/for-sale/morningside/sandton/gauteng/4258/109952978
6474,/for-sale/sunnydale/noordhoek/western-cape/9090/109664389
79198,/for-sale/oudorp/klerksdorp/north-west/6430/109719512
30115,/for-sale/elaleni-coastal-forest-estate/ballito/kwazulu-natal/25221/109954518
31551,/for-sale/izinga-ridge/umhlanga/kwazulu-natal/12207/109966072
19137,/for-sale/sea-point/cape-town/western-cape/11021/110147489
18315,/for-sale/green-point/cape-town/western-cape/11017/109752294
33374,/for-sale/new-germany/pinetown/kwazulu-natal/7020/109928715
110181,/for-sale/alberante/alberton/gauteng/1836/110051426
140738,/for-sale/kengies/sandton/gauteng/5835/110182830
96914,/for-sale/blairgowrie/randburg/gauteng/4414/110179954
66088,/for-sale/sabie/sabie/mpumalanga/2821/108354392
125090,/for-sale/salfin/boksburg/gauteng/18229/109979094
9995,/for-sale/heiderand/mossel-bay/western-cape/7364/109589449
105520,/for-sale/northmead/benoni/gauteng/2168/109990553
66097,/for-sale/nomdeni/ermelo/mpumalanga/4854/108964181
109890,/for-sale/atholl/sandton/gauteng/5813/109961991
59594,/for-sale/kanonkop/middelburg/mpumalanga/2612/110197523
119645,/for-sale/la-montagne/pretoria/gauteng/2943/109795466
54907,/for-sale/rocklands/bloemfontein/free-state/9731/110113087
147017,/for-sale/benoni-ah/benoni/gauteng/17400/110124226
138454,/for-sale/sebokeng-zone-14/sebokeng/gauteng/3839/107936719
119557,/for-sale/sharon-park/nigel/gauteng/2075/110103585
52877,/for-sale/universitas/bloemfontein/free-state/9701/110223604
83905,/for-sale/die-bult/potchefstroom/north-west/5049/109904115
27426,/for-sale/oudtshoorn-rural/oudtshoorn/western-cape/16616/110154311
44082,/for-sale/umhlanga-rocks/umhlanga/kwazulu-natal/6381/109839674
101605,/for-sale/sonland-park/vereeniging/gauteng/3746/110257384
177391,/for-sale/theresapark/akasia/gauteng/10625/109047289
55363,/for-sale/sasolburg-central/sasolburg/free-state/25189/110082430
145972,/for-sale/farrarmere/benoni/gauteng/2081/110219243
49455,/for-sale/chase-valley-downs/pietermaritzburg/kwazulu-natal/5491/110223278
136532,/for-sale/middelvlei-ah/randfontein/gauteng/4576/106590031
100554,/for-sale/sunward-park/boksburg/gauteng/1969/110216463
4021,/for-sale/blue-lagoon/langebaan/western-cape/10424/109892297
161994,/for-sale/hillcrest/pretoria/gauteng/305/108009754
94677,/for-sale/new-park/kimberley/northern-cape/11073/110243328
165277,/for-sale/northcliff/randburg/gauteng/5783/110250577
104451,/for-sale/delmore-park/boksburg/gauteng/1928/110217567
90042,/for-sale/modimolle/modimolle/limpopo/11294/110159404
35189,/for-sale/woodgrange/hibberdene/kwazulu-natal/11854/109416047
72485,/for-sale/lennox-estate/east-london/eastern-cape/12723/109738274
113719,/for-sale/soshanguve-uu/soshanguve/gauteng/17882/109671360
313,/for-sale/sonstraal-heights/durbanville/western-cape/9550/110234994
68628,/for-sale/model-park/witbank/mpumalanga/2529/110225563
78273,/for-sale/meiringspark/klerksdorp/north-west/6424/109808646
159918,/for-sale/sandhurst/sandton/gauteng/5847/109031031
123252,/for-sale/lenasia-south/johannesburg/gauteng/3510/110002986
173073,/for-sale/wapadrand/pretoria/gauteng/127/110111865
156901,/for-sale/melrose/johannesburg/gauteng/5837/109488861
14884,/for-sale/mykonos/langebaan/western-cape/7948/109317330
161165,/for-sale/sunnyside/pretoria/gauteng/41/109302095
148126,/for-sale/die-hoewes/centurion/gauteng/433/110008633
38529,/for-sale/stanmore/phoenix/kwazulu-natal/11798/110189222
93916,/for-sale/lephalale/lephalale/limpopo/11312/109045120
60918,/for-sale/kanyamazane/nsikazi/mpumalanga/2686/110009378
68841,/for-sale/die-heuwel/witbank/mpumalanga/2498/108983566
171635,/for-sale/marais-steyn-park/edenvale/gauteng/1237/109898178
48356,/for-sale/veld-en-vlei/richards-bay/kwazulu-natal/7175/108524437
76359,/for-sale/miederpark/potchefstroom/north-west/5030/110210280
142965,/for-sale/erand-gardens/midrand/gauteng/16015/110103861
160,/for-sale/myburgh-park/langebaan/western-cape/11716/110224968?plId=828761&plt=4
50090,/for-sale/mount-edgecombe-country-club-estate/mount-edgecombe/kwazulu-natal/11536/110145577
164997,/for-sale/mooikloof-ridge/pretoria/gauteng/10834/110147974
41360,/for-sale/umhlanga-rocks/umhlanga/kwazulu-natal/6381/109953760
54298,/for-sale/lakeview/bloemfontein/free-state/9679/109886678
62242,/for-sale/secunda/secunda/mpumalanga/4787/109916129
67512,/for-sale/secunda/secunda/mpumalanga/4787/109444650
46220,/for-sale/newcastle-central/newcastle/kwazulu-natal/17989/109794833
134888,/for-sale/henley-on-klip/meyerton/gauteng/3802/109154967
15789,/for-sale/buh-rein-estate/kraaifontein/western-cape/12841/110170105
25932,/for-sale/diaz-industria/mossel-bay/western-cape/17465/110008248
137778,/for-sale/orange-farm/evaton/gauteng/3738/109385019
87059,/for-sale/waterval-east/rustenburg/north-west/10619/109135489
159675,/for-sale/fourways/sandton/gauteng/5811/108204520
174073,/for-sale/bryanston/sandton/gauteng/5176/109758915
1909,/for-sale/plattekloof/parow/western-cape/8190/110214428
49990,/for-sale/morningside/durban/kwazulu-natal/6021/110105411
135444,/for-sale/summerset/midrand/gauteng/11682/109037854
118496,/for-sale/vanderbijlpark-se-2/vanderbijlpark/gauteng/3649/109969315
25192,/for-sale/table-view/blouberg/western-cape/11589/105213695
174597,/for-sale/hatfield/pretoria/gauteng/304/109782168
118931,/for-sale/helikonpark/randfontein/gauteng/4569/109936017
78930,/for-sale/golf-view/mafikeng/north-west/6570/109774280
127455,/for-sale/copperleaf-estate/centurion/gauteng/12769/109565852
175407,/for-sale/eden-glen/edenvale/gauteng/10376/110175566
172700,/for-sale/lyndhurst/johannesburg/gauteng/4383/109533434
70261,/for-sale/walmer-heights/port-elizabeth/eastern-cape/8343/110014973
32144,/for-sale/grosvenor/port-shepstone/kwazulu-natal/18120/109999628
75004,/for-sale/grahamstown-central/grahamstown/eastern-cape/8366/110088335
32211,/for-sale/mount-edgecombe-country-club-estate/mount-edgecombe/kwazulu-natal/11536/110034019
95206,/for-sale/kathu/kathu/northern-cape/9317/109980253
176232,/for-sale/winchester-hills/johannesburg/gauteng/4123/109246640
44474,/for-sale/morningside/durban/kwazulu-natal/6021/109813070
4854,/for-sale/protea-heights/brackenfell/western-cape/9602/110175088
72953,/for-sale/jeffreys-bay-central/jeffreys-bay/eastern-cape/10503/104866276
11785,/for-sale/laaiplek/velddrif/western-cape/7955/110072603
100813,/for-sale/monaghan-farm/centurion/gauteng/16047/110073090
33202,/for-sale/craigieburn/umkomaas/kwazulu-natal/6297/109996484
51180,/for-sale/uvongo/margate/kwazulu-natal/6359/108441262
147643,/for-sale/benoni-central/benoni/gauteng/2099/110038161
85966,/for-sale/bo-dorp/rustenburg/north-west/25749/109422842
155,/for-sale/bridgewater/somerset-west/western-cape/8946/110200167?plId=828233&plt=4
148821,/for-sale/waterford-estates/randburg/gauteng/12757/109969150
42363,/for-sale/uvongo/margate/kwazulu-natal/6359/109843065
131065,/for-sale/the-hills-game-reserve-estate/pretoria/gauteng/11712/109353658
158423,/for-sale/modderfontein/edenvale/gauteng/11773/110081453
100270,/for-sale/blue-valley-golf-estate/centurion/gauteng/584/110121672
2360,/for-sale/sunningdale/blouberg/western-cape/11583/110221969
55971,/for-sale/bergsig/harrismith/free-state/10003/104253925
12965,/for-sale/mountainside/gordons-bay/western-cape/7829/108209606
87165,/for-sale/potchefstroom-central/potchefstroom/north-west/5025/109653221
176904,/for-sale/die-hoewes/centurion/gauteng/433/108907199
162004,/for-sale/hatfield/pretoria/gauteng/304/106939694
26887,/for-sale/beachfront/blouberg/western-cape/25759/108583200
164098,/for-sale/gezina/pretoria/gauteng/317/108856638
151441,/for-sale/vanderbijlpark-cw/vanderbijlpark/gauteng/3578/110106137
156207,/for-sale/beverley/sandton/gauteng/5248/110206845
168588,/for-sale/olivedale/randburg/gauteng/4294/110110397
80963,/for-sale/potchefstroom-central/potchefstroom/north-west/5025/106714044
1135,/for-sale/rondebosch/cape-town/western-cape/8682/110161454
12906,/for-sale/bloubergstrand/blouberg/western-cape/11580/109137381
152107,/for-sale/newlands/pretoria/gauteng/261/109913528
109951,/for-sale/doringkloof/centurion/gauteng/477/110166324
166129,/for-sale/oakdene/johannesburg/gauteng/4323/110202574
158266,/for-sale/pretoria-west/pretoria/gauteng/2924/109656580
31291,/for-sale/reservoir-hills/durban/kwazulu-natal/6192/110060566
33560,/for-sale/palm-lakes-estate/ballito/kwazulu-natal/12930/109670310
89064,/for-sale/rustenburg-central/rustenburg/north-west/25461/110109385
41747,/for-sale/sibaya-precinct/umhlanga/kwazulu-natal/16048/109631870
22464,/for-sale/durbanville-central/durbanville/western-cape/9520/108104264
144777,/for-sale/casseldale/springs/gauteng/1106/109985542
42841,/for-sale/glenwood/durban/kwazulu-natal/6034/109974885
126895,/for-sale/unitas-park/vereeniging/gauteng/3782/109696157
42565,/for-sale/south-beach/durban/kwazulu-natal/6027/109993571
160305,/for-sale/la-montagne/pretoria/gauteng/2943/109583873
30579,/for-sale/ballito-central/ballito/kwazulu-natal/17817/110094393
161100,/for-sale/emfuleni-golf-estate/vanderbijlpark/gauteng/13858/109626989
163187,/for-sale/florida/roodepoort/gauteng/1574/109715768
159856,/for-sale/bedford-gardens/bedfordview/gauteng/11764/109955073
141180,/for-sale/sandown/sandton/gauteng/5178/110241121
26837,/for-sale/green-point/cape-town/western-cape/11017/108918500
93185,/for-sale/louis-trichardt/louis-trichardt/limpopo/11245/100576704
173505,/for-sale/brackenhurst/alberton/gauteng/1874/109782167
132706,/for-sale/diepkloof-zone-4/soweto/gauteng/4613/109786653
41817,/for-sale/arboretum/richards-bay/kwazulu-natal/7172/109978587
105864,/for-sale/bedfordview/bedfordview/gauteng/11758/110069871
112922,/for-sale/soshanguve-uu/soshanguve/gauteng/17882/109732426
49090,/for-sale/south-beach/durban/kwazulu-natal/6027/108622229
41984,/for-sale/newtown/durban/kwazulu-natal/6100/110087845
148146,/for-sale/bryanston/sandton/gauteng/5176/110002986
141033,/for-sale/bryanston/sandton/gauteng/5176/110168687
30020,/for-sale/wakenshaw-estate/ballito/kwazulu-natal/15765/110038752
159393,/for-sale/cason/boksburg/gauteng/1922/109987016
37992,/for-sale/westham/phoenix/kwazulu-natal/11801/105372800
136243,/for-sale/pretoria-north/pretoria/gauteng/4076/107897915
139536,/for-sale/hatfield/pretoria/gauteng/304/110198452
100120,/for-sale/amandasig/akasia/gauteng/3990/110236017
93732,/for-sale/bela-bela/bela-bela/limpopo/11289/109795663
69166,/for-sale/cradock-place/port-elizabeth/eastern-cape/6856/110257817
124627,/for-sale/riverspray-lifestyle-estate/vereeniging/gauteng/15129/109534330
131063,/for-sale/buhle-park/germiston/gauteng/11717/108591690
141662,/for-sale/eldo-lakes-estate/centurion/gauteng/12722/110110292
98547,/for-sale/saxonwold/johannesburg/gauteng/5848/110098219
98014,/for-sale/fontainebleau/randburg/gauteng/4433/110076376
169552,/for-sale/meredale/johannesburg/gauteng/5294/110091389
25469,/for-sale/tyger-waterfront/bellville/western-cape/10508/109362191
44725,/for-sale/arboretum/richards-bay/kwazulu-natal/7172/109936495
127912,/for-sale/thulani/soweto/gauteng/15743/109741662
169352,/for-sale/highveld/centurion/gauteng/497/110196463
72104,/for-sale/gonubie/east-london/eastern-cape/6669/106238109
173333,/for-sale/faerie-glen/pretoria/gauteng/165/110043862
76424,/for-sale/ville-dafrique/hartbeespoort/north-west/25476/110105189
143516,/for-sale/modderfontein/edenvale/gauteng/11773/110174104
172091,/for-sale/modderfontein/edenvale/gauteng/11773/110085966
32342,/for-sale/umkomaas/umkomaas/kwazulu-natal/6298/109955189
56963,/for-sale/sasolburg-central/sasolburg/free-state/25189/107226004
62375,/for-sale/marloth-park/marloth-park/mpumalanga/2855/109460813
53160,/for-sale/sasolburg-ext-3/sasolburg/free-state/25720/110175302
124850,/for-sale/brentwood/benoni/gauteng/2107/109543961
10221,/for-sale/reebok/groot-brakrivier/western-cape/7382/109820787
110387,/for-sale/westonaria/westonaria/gauteng/16738/110013684
133702,/for-sale/primrose-hill/germiston/gauteng/1739/108996919
90462,/for-sale/phalaborwa/phalaborwa/limpopo/11266/110141719
78502,/for-sale/geelhoutpark/rustenburg/north-west/3149/109896115
156315,/for-sale/groblerpark/roodepoort/gauteng/688/109585017
123102,/for-sale/hyde-park/sandton/gauteng/5832/110181095
170591,/for-sale/oukraal-estate/pretoria/gauteng/16335/109953516
73863,/for-sale/sterkstroom/sterkstroom/eastern-cape/6733/109652617
106444,/for-sale/mamelodi/pretoria/gauteng/357/110174010
20833,/for-sale/bloubergrant/blouberg/western-cape/11587/109579342
99488,/for-sale/witpoortjie/roodepoort/gauteng/813/110027930?plId=821417&plt=4
159147,/for-sale/kosmosdal/centurion/gauteng/10811/109025603
151114,/for-sale/selection-park/springs/gauteng/1151/110020434
168541,/for-sale/elarduspark/pretoria/gauteng/3940/109962288
32595,/for-sale/bluff/durban/kwazulu-natal/12970/110026528
167320,/for-sale/greenhills/randfontein/gauteng/4566/110152113
117129,/for-sale/pretoria-central/pretoria/gauteng/27/109964702
12502,/for-sale/pinelands/cape-town/western-cape/8017/109443589
145582,/for-sale/muckleneuk/pretoria/gauteng/32/110146414
3548,/for-sale/parklands-north/blouberg/western-cape/15136/110226944
11572,/for-sale/kensington/cape-town/western-cape/8010/109465553
1962,/for-sale/sedgefield-central/sedgefield/western-cape/16673/110089835
29266,/for-sale/meer-en-see/richards-bay/kwazulu-natal/7177/110206323
72725,/for-sale/king-williams-town-central/king-williams-town/eastern-cape/6772/109825334
91346,/for-sale/lephalale/lephalale/limpopo/11312/109713865
129990,/for-sale/montana/pretoria/gauteng/3984/107035339
1264,/for-sale/vermont/hermanus/western-cape/7861/110157564
91260,/for-sale/lissataba-private-nature-reserve/hoedspruit/limpopo/12618/109705195
167757,/for-sale/fairland/randburg/gauteng/4545/110117781
147454,/for-sale/randburg-central/randburg/gauteng/17773/109839872
55611,/for-sale/zamdela/sasolburg/free-state/9918/109552282
99692,/for-sale/hazelpark/germiston/gauteng/1700/110140252
163078,/for-sale/emfuleni-golf-estate/vanderbijlpark/gauteng/13858/108596039
6081,/for-sale/winelands/blouberg/western-cape/17539/110046966
42141,/for-sale/south-beach/durban/kwazulu-natal/6027/109889534
130659,/for-sale/soshanguve-f/soshanguve/gauteng/17887/110135924
465,/for-sale/bizweni/somerset-west/western-cape/8944/110210436
52822,/for-sale/riebeeckstad/welkom/free-state/9846/110215168?plId=827294&plt=4
90967,/for-sale/bendor/polokwane/limpopo/11332/109913328
90629,/for-sale/bela-bela/bela-bela/limpopo/11289/110130871
168833,/for-sale/zwartkop/centurion/gauteng/533/109949090
161921,/for-sale/pretoria-central/pretoria/gauteng/27/109769192
172463,/for-sale/broadacres/sandton/gauteng/4530/109804512
14120,/for-sale/sea-point/cape-town/western-cape/11021/110110292
121773,/for-sale/florauna/pretoria/gauteng/4052/109802003
176859,/for-sale/vanderbijlpark-central/vanderbijlpark/gauteng/3632/109660260
23218,/for-sale/herolds-bay/george/western-cape/7434/110244654
25736,/for-sale/parklands/blouberg/western-cape/11588/109636271
15271,/for-sale/fresnaye/cape-town/western-cape/11016/110248621
118341,/for-sale/soshanguve-uu/soshanguve/gauteng/17882/109582532
46422,/for-sale/musgrave/durban/kwazulu-natal/6166/108883470
127691,/for-sale/kirkney/pretoria/gauteng/500/109809878
9227,/for-sale/fisherhaven/hermanus/western-cape/10544/109543812
91839,/for-sale/ivydale-ah/polokwane/limpopo/11362/109626758
29868,/for-sale/umbilo/durban/kwazulu-natal/6029/110231282
69493,/for-sale/cannon-rocks/cannon-rocks/eastern-cape/8401/110203372
15926,/for-sale/tygerfalls/bellville/western-cape/10224/110120203
95070,/for-sale/danielskuil/danielskuil/northern-cape/9310/110002815
47365,/for-sale/margate/margate/kwazulu-natal/6360/106361055
163120,/for-sale/wonderpark-estate/akasia/gauteng/16009/109227036
27429,/for-sale/blommendal/bellville/western-cape/9431/110156730
103511,/for-sale/troyeville/johannesburg/gauteng/4225/110136979
123170,/for-sale/moregloed/pretoria/gauteng/3009/109765854
171080,/for-sale/la-montagne/pretoria/gauteng/2943/109586429
66478,/for-sale/nelspruit-central/nelspruit/mpumalanga/2720/109980935
105901,/for-sale/north-riding/randburg/gauteng/4455/110249167
12625,/for-sale/onrus/hermanus/western-cape/10648/106885195
46223,/for-sale/margate/margate/kwazulu-natal/6360/103399582
80970,/for-sale/wigwam/rustenburg/north-west/11911/108097349
60236,/for-sale/sonheuwel-ext-1/nelspruit/mpumalanga/2674/110041667
105314,/for-sale/franklin-roosevelt-park/johannesburg/gauteng/10802/110060971
112464,/for-sale/vosloorus-ext-2/boksburg/gauteng/18156/110179040
24351,/for-sale/parow-central/parow/western-cape/17457/109903583
172699,/for-sale/cullinan/cullinan/gauteng/16724/109386937
64495,/for-sale/noordrand/secunda/mpumalanga/30731/109232273
64806,/for-sale/gholfsig/middelburg/mpumalanga/2611/108516855
121107,/for-sale/midstream-estate/centurion/gauteng/12774/108563928
173201,/for-sale/buccleuch/sandton/gauteng/5255/109755912
130437,/for-sale/ivory-park/midrand/gauteng/1551/109694214
44901,/for-sale/ramsgate/margate/kwazulu-natal/6371/101798168
2930,/for-sale/parklands/blouberg/western-cape/11588/110184701
106112,/for-sale/parkhurst/johannesburg/gauteng/12133/110167293
131317,/for-sale/erasmia/centurion/gauteng/2914/108332215
176324,/for-sale/boardwalk/pretoria/gauteng/25754/109565326
73304,/for-sale/west-bank/east-london/eastern-cape/6582/109742947
59236,/for-sale/parys/parys/free-state/9921/108522259
119652,/for-sale/soshanguve-east/soshanguve/gauteng/405/110198463
58541,/for-sale/wild-olive-estate/bloemfontein/free-state/15178/110005877
85918,/for-sale/die-bult/potchefstroom/north-west/5049/106912592
24828,/for-sale/big-bay/blouberg/western-cape/11579/109720916
30719,/for-sale/princes-grant-golf-estate/blythedale/kwazulu-natal/7688/109835315
97571,/for-sale/fourways/sandton/gauteng/5811/110250986
24684,/for-sale/sandown-estate/blouberg/western-cape/16126/109089627
23420,/for-sale/sanlamhof/bellville/western-cape/9507/109588612
87041,/for-sale/baillie-park/potchefstroom/north-west/5035/107505393
110987,/for-sale/midstream-estate/centurion/gauteng/12774/109962807
58681,/for-sale/spitskop-sh/bloemfontein/free-state/9698/110029762
118772,/for-sale/florida/roodepoort/gauteng/1574/109901123
6383,/for-sale/diaz-beach/mossel-bay/western-cape/10430/110131642
19951,/for-sale/century-city/milnerton/western-cape/8027/109732701
80406,/for-sale/kanana/orkney/north-west/6511/109012465
98985,/for-sale/brooklands-estate/randburg/gauteng/17083/110240601
70767,/for-sale/sydenham/port-elizabeth/eastern-cape/6961/108193559
42276,/for-sale/south-beach/durban/kwazulu-natal/6027/109920310
135234,/for-sale/mabopane/mabopane/gauteng/3025/108975845
22108,/for-sale/plettenberg-bay-central/plettenberg-bay/western-cape/7529/109920991
122571,/for-sale/soshanguve-uu/soshanguve/gauteng/17882/109077228
108880,/for-sale/little-falls/roodepoort/gauteng/736/110104832
73857,/for-sale/kwanobuhle/uitenhage/eastern-cape/7264/109236818
4221,/for-sale/northcliff/hermanus/western-cape/7852/110057292
37443,/for-sale/craigieburn/umkomaas/kwazulu-natal/6297/105893384
142094,/for-sale/highveld/centurion/gauteng/497/110202117
69906,/for-sale/haven-hills/east-london/eastern-cape/6654/110212010
24649,/for-sale/parklands/blouberg/western-cape/11588/109253048
104572,/for-sale/meyersdal/alberton/gauteng/12770/110098388
52129,/for-sale/forest-hills/kloof/kwazulu-natal/5750/108481162
160663,/for-sale/edenburg/sandton/gauteng/4253/109091707
6267,/for-sale/helderberg-village/somerset-west/western-cape/16710/110093865
55388,/for-sale/vaalpark/sasolburg/free-state/9917/107590946
160629,/for-sale/terenure/kempton-park/gauteng/1367/107002087
153761,/for-sale/mooikloof-ridge/pretoria/gauteng/10834/109969910
142352,/for-sale/lonehill/sandton/gauteng/5247/110112768
120754,/for-sale/casseldale/springs/gauteng/1106/110049972
7303,/for-sale/natures-valley/somerset-west/western-cape/8986/109642412
108546,/for-sale/bergsig/heidelberg/gauteng/4887/110238675
107395,/for-sale/beverley/sandton/gauteng/5248/109902347
30912,/for-sale/morningside/durban/kwazulu-natal/6021/110132504
100593,/for-sale/roodepark-eco-estate/pretoria/gauteng/32891/110016898
176826,/for-sale/greenstone-hill/edenvale/gauteng/11700/108586652
16930,/for-sale/cape-town-city-centre/cape-town/western-cape/9138/110128468
30827,/for-sale/sherwood/durban/kwazulu-natal/6194/110180551
134100,/for-sale/henley-on-klip/meyerton/gauteng/3802/109356413
38839,/for-sale/mount-richmore-village-estate/ballito/kwazulu-natal/12991/110080760
70400,/for-sale/mdantsane-nu-1/east-london/eastern-cape/6609/110045856
92846,/for-sale/phalaborwa/phalaborwa/limpopo/11266/108900909
72559,/for-sale/wavecrest/jeffreys-bay/eastern-cape/10690/109429655
101962,/for-sale/selcourt/springs/gauteng/1146/110247635
171848,/for-sale/bryanston/sandton/gauteng/5176/109254702
103132,/for-sale/soshanguve-vv/soshanguve/gauteng/17878/110088168
24952,/for-sale/mykonos/langebaan/western-cape/7948/109296003
75794,/for-sale/southernwood/east-london/eastern-cape/6580/109719970
11802,/for-sale/outeniquasbosch/hartenbos/western-cape/32924/108261621
25737,/for-sale/wynberg-upper/cape-town/western-cape/10102/109682883
64239,/for-sale/trichardt/secunda/mpumalanga/4811/107826489
136273,/for-sale/vanderbijlpark-cw-3/vanderbijlpark/gauteng/3641/109033261
109452,/for-sale/soshanguve-uu/soshanguve/gauteng/17882/109823826
98788,/for-sale/randburg-central/randburg/gauteng/17773/110121274
166928,/for-sale/six-fountains-residential-estate/pretoria/gauteng/12657/110224718
85970,/for-sale/die-bult/potchefstroom/north-west/5049/107340761
154439,/for-sale/pretoria-west/pretoria/gauteng/2924/110086420
36285,/for-sale/craigieburn/umkomaas/kwazulu-natal/6297/109275434
84024,/for-sale/kannoniers-park/potchefstroom/north-west/5061/104226744
31078,/for-sale/manaba-beach/margate/kwazulu-natal/6361/110166108
151615,/for-sale/berea/johannesburg/gauteng/5920/109863192
108663,/for-sale/soshanguve-uu/soshanguve/gauteng/17882/109855741
113931,/for-sale/northcliff/randburg/gauteng/5783/110052753
75787,/for-sale/port-alfred-central/port-alfred/eastern-cape/18040/108943785
155518,/for-sale/the-polofields/midrand/gauteng/33181/109775171
58275,/for-sale/hillside/bloemfontein/free-state/9673/110173458
122470,/for-sale/fourways-gardens/sandton/gauteng/5857/110131022
22058,/for-sale/green-point/cape-town/western-cape/11017/110228879
137812,/for-sale/west-village/krugersdorp/gauteng/853/108505397
120031,/for-sale/faerie-glen/pretoria/gauteng/165/109892406
94396,/for-sale/bendor/polokwane/limpopo/11332/107559749
87467,/for-sale/die-bult/potchefstroom/north-west/5049/109248349
143510,/for-sale/parktown/johannesburg/gauteng/4390/110141936
122175,/for-sale/lenasia-south/johannesburg/gauteng/3510/109353104
62787,/for-sale/secunda/secunda/mpumalanga/4787/107865267
103181,/for-sale/craigavon/sandton/gauteng/3913/110083290
144096,/for-sale/bedford-gardens/bedfordview/gauteng/11764/109975368
152551,/for-sale/riviera/pretoria/gauteng/325/109868549
91976,/for-sale/zebula-golf-estate/bela-bela/limpopo/15862/109671412
32015,/for-sale/umhlatuzana/chatsworth/kwazulu-natal/6215/109834808
101769,/for-sale/soshanguve-vv/soshanguve/gauteng/17878/110095293
159878,/for-sale/pretoria-north/pretoria/gauteng/4076/110216098
82210,/for-sale/bo-dorp/rustenburg/north-west/25749/108430762
77096,/for-sale/protea-park/rustenburg/north-west/3169/110089706
129276,/for-sale/mountain-view/pretoria/gauteng/290/110007535
55878,/for-sale/mullersrust/sasolburg/free-state/9909/110018664
118003,/for-sale/the-reeds/centurion/gauteng/516/109951870
6211,/for-sale/parklands-east/blouberg/western-cape/17467/109988580
55642,/for-sale/phuthaditjhaba-rural/phuthaditjhaba/free-state/25175/109763645
35188,/for-sale/fernwood/newcastle/kwazulu-natal/5405/108578218
126511,/for-sale/linksfield/johannesburg/gauteng/4358/109287393
17646,/for-sale/claremont-upper/cape-town/western-cape/14225/109977250
45594,/for-sale/glenmore/port-edward/kwazulu-natal/10790/104268966
6117,/for-sale/meedingsride/sedgefield/western-cape/11603/109844326
25894,/for-sale/cape-town-city-centre/cape-town/western-cape/9138/108796660
68455,/for-sale/the-heads/lydenburg/mpumalanga/32003/106830675
37884,/for-sale/newlands-east/durban/kwazulu-natal/6132/109324396
147997,/for-sale/buccleuch/sandton/gauteng/5255/110027554
155754,/for-sale/muckleneuk/pretoria/gauteng/32/110020436
41356,/for-sale/gillitts/kloof/kwazulu-natal/5728/110022541
155214,/for-sale/maboneng/johannesburg/gauteng/17453/109193880
123389,/for-sale/montana-park/pretoria/gauteng/4070/109835641
83141,/for-sale/die-bult/potchefstroom/north-west/5049/110187965
79574,/for-sale/cashan/rustenburg/north-west/3132/109607074
128048,/for-sale/sonland-park/vereeniging/gauteng/3746/109714207
43962,/for-sale/glenmore/port-edward/kwazulu-natal/10790/107351193
130500,/for-sale/rynfield/benoni/gauteng/2169/109381350
95452,/for-sale/albertynshof/kimberley/northern-cape/11028/109821848
136135,/for-sale/lotus-gardens/pretoria/gauteng/2922/108491508
163531,/for-sale/pretoria-west/pretoria/gauteng/2924/109722988
166499,/for-sale/mondeor/johannesburg/gauteng/5333/110239375
8603,/for-sale/constantia/cape-town/western-cape/11742/106951653
11601,/for-sale/van-riebeeckshof/bellville/western-cape/9501/108642586
147081,/for-sale/pretoria-north/pretoria/gauteng/4076/110232365
101355,/for-sale/soshanguve-east-ext-4/soshanguve/gauteng/17907/110254645
120805,/for-sale/oakdene/johannesburg/gauteng/4323/110057528
38995,/for-sale/glenwood/durban/kwazulu-natal/6034/110179926
24367,/for-sale/claremont/cape-town/western-cape/11741/109459663
72126,/for-sale/wavecrest/jeffreys-bay/eastern-cape/10690/109753682
48785,/for-sale/north-beach/durban/kwazulu-natal/6022/110231325
13501,/for-sale/die-bult/george/western-cape/12147/110005543
175406,/for-sale/eden-glen/edenvale/gauteng/10376/108923288
35729,/for-sale/signal-hill/newcastle/kwazulu-natal/5415/109713804
7932,/for-sale/khaya/khayelitsha/western-cape/16360/110001511
142009,/for-sale/summerset/midrand/gauteng/11682/109999913
76651,/for-sale/mmabatho/mafikeng/north-west/6549/110248104
133985,/for-sale/three-rivers-proper/vereeniging/gauteng/3758/110058035
97868,/for-sale/craighall-park/johannesburg/gauteng/5821/110192996
44369,/for-sale/sibaya-precinct/umhlanga/kwazulu-natal/16048/109927682
73885,/for-sale/southernwood/east-london/eastern-cape/6580/108934500
106844,/for-sale/primrose-hill/germiston/gauteng/1739/110177147
42218,/for-sale/margate/margate/kwazulu-natal/6360/105107955
129953,/for-sale/bronkhorstbaai/bronkhorstspruit/gauteng/2407/109316373
26485,/for-sale/parklands-east/blouberg/western-cape/17467/108987112
155805,/for-sale/oriel/bedfordview/gauteng/11761/107537136
15765,/for-sale/golf-course/parow/western-cape/32943/110161263
55242,/for-sale/botshabelo/bloemfontein/free-state/9982/109588385
17420,/for-sale/century-city/milnerton/western-cape/8027/110194567
34295,/for-sale/pelham/pietermaritzburg/kwazulu-natal/5540/110170277
30454,/for-sale/oslo-beach/port-shepstone/kwazulu-natal/6336/110100422
62795,/for-sale/highland-gate-golf-and-trout-estate/dullstroom/mpumalanga/17397/109170314
110022,/for-sale/mabopane/mabopane/gauteng/3025/110098172
99525,/for-sale/bedfordview/bedfordview/gauteng/11758/110207089
83445,/for-sale/die-bult/potchefstroom/north-west/5049/109787323
19182,/for-sale/buh-rein-estate/kraaifontein/western-cape/12841/110010866
27640,/for-sale/bridgewater/somerset-west/western-cape/8946/109966301
174619,/for-sale/mooikloof-ridge/pretoria/gauteng/10834/106588861
54763,/for-sale/ficksburg/ficksburg/free-state/9970/109772950
85200,/for-sale/kannoniers-park/potchefstroom/north-west/5061/108623949
67327,/for-sale/witbank-central/witbank/mpumalanga/2460/108947956
77784,/for-sale/boschdal/rustenburg/north-west/3213/109917936
93025,/for-sale/phalaborwa/phalaborwa/limpopo/11266/103872651
48518,/for-sale/rose-park/ladysmith/kwazulu-natal/5683/109184585
76343,/for-sale/waterval-east/rustenburg/north-west/10619/110202949
68158,/for-sale/ben-fleur/witbank/mpumalanga/2463/109997402
116318,/for-sale/muckleneuk/pretoria/gauteng/32/109984810
77823,/for-sale/kosmos/hartbeespoort/north-west/3055/109914536
97251,/for-sale/soshanguve-east-ext-4/soshanguve/gauteng/17907/109968441
144532,/for-sale/montana/pretoria/gauteng/3984/110216322
44627,/for-sale/south-beach/durban/kwazulu-natal/6027/109876403
94799,/for-sale/die-rand/upington/northern-cape/10986/110013564
94440,/for-sale/mokopane-central/mokopane/limpopo/25621/109686708
123329,/for-sale/orange-farm/evaton/gauteng/3738/110122098
16090,/for-sale/parklands-east/blouberg/western-cape/17467/110210997
91277,/for-sale/modimolle/modimolle/limpopo/11294/109843006
167516,/for-sale/honeypark/roodepoort/gauteng/14262/110074391
101916,/for-sale/new-redruth/alberton/gauteng/1882/110244259
133846,/for-sale/arcadia/pretoria/gauteng/301/109793815
88130,/for-sale/baillie-park/potchefstroom/north-west/5035/110192559
71776,/for-sale/kidds-beach/east-london/eastern-cape/6674/110032639
90557,/for-sale/southern-gateway/polokwane/limpopo/14356/110121225
8736,/for-sale/bishop-lavis/cape-town/western-cape/8121/110041515
135452,/for-sale/bryanston/sandton/gauteng/5176/108401587
61559,/for-sale/sonheuwel/nelspruit/mpumalanga/2672/105447000
163786,/for-sale/karenpark/akasia/gauteng/335/109634235
177026,/for-sale/soshanguve-east/soshanguve/gauteng/405/109675421
32792,/for-sale/mtubatuba/mtubatuba/kwazulu-natal/7182/109897032
128601,/for-sale/vleikop-ah/randfontein/gauteng/4591/110041929
19175,/for-sale/century-city/milnerton/western-cape/8027/109844628
66509,/for-sale/lydenburg/lydenburg/mpumalanga/2655/110173278
136956,/for-sale/tileba/pretoria/gauteng/4087/105681086
77859,/for-sale/meerhof/hartbeespoort/north-west/3057/110005545
126732,/for-sale/presidents-dam/springs/gauteng/1141/106306833
13197,/for-sale/plattekloof/parow/western-cape/8190/108469608
20334,/for-sale/schoongezicht/durbanville/western-cape/9547/109916989
15178,/for-sale/three-anchor-bay/cape-town/western-cape/11022/110204591
64078,/for-sale/secunda/secunda/mpumalanga/4787/105990474
144214,/for-sale/little-falls/roodepoort/gauteng/736/109995690
107346,/for-sale/vaal-marina/vaal-marina/gauteng/3760/109828634
46751,/for-sale/manaba-beach/margate/kwazulu-natal/6361/108573516
127904,/for-sale/bronkhorstbaai-dorp/bronkhorstspruit/gauteng/2399/109641160
106988,/for-sale/olifantsfontein/midrand/gauteng/1481/110116611
118571,/for-sale/the-reeds/centurion/gauteng/516/109959956
13068,/for-sale/robertson/robertson/western-cape/16671/107606931
5687,/for-sale/sandbaai/hermanus/western-cape/7845/109802695
46354,/for-sale/essenwood/durban/kwazulu-natal/6165/107720639
163047,/for-sale/vanderbijlpark-ce/vanderbijlpark/gauteng/3577/105614511
145111,/for-sale/horison-view/roodepoort/gauteng/721/109961677
94910,/for-sale/blydeville/upington/northern-cape/9371/110085807
99019,/for-sale/mabopane/mabopane/gauteng/3025/110169068
40886,/for-sale/escombe/queensburgh/kwazulu-natal/6232/110133953
